{"Drebin": {"dex_date < 2013": [1077, 99.81464318813717, 99.81464318813717], "dex_date < 2012": [562, 52.08526413345691, 52.08526413345691], "dex_date > 2012": [0, 0, 0], "manif_date < 2013": [1077, 99.81464318813717, 99.81464318813717], "manif_date < 2012": [562, 52.08526413345691, 52.08526413345691], "manif_date > 2012": [0, 0, 0], "Popular SDK Min Version": {"7": 285, "4": 252, "3": 192, "5": 128, "8": 25}}}